{
  "method": "feature_ablation",
  "description": "Feature ablation study testing discriminative power of different enzyme subset sizes",
  "n_samples": 78,
  "n_features_total": 15,
  "n_classes": 13,
  "configuration": {
    "cv_strategy": "StratifiedKFold(n_splits=2, shuffle=True, random_state=42)",
    "n_subsets_tested": 5
  },
  "results_by_subset": {
    "1_enzyme": {
      "n_enzymes": 1,
      "enzyme_indices": [
        0
      ],
      "mean_accuracy": 0.5,
      "std_accuracy": 0.09065471553673685,
      "fold_scores": [
        0.4358974358974359,
        0.5641025641025641
      ]
    },
    "3_enzymes": {
      "n_enzymes": 3,
      "enzyme_indices": [
        0,
        7,
        14
      ],
      "mean_accuracy": 0.8205128205128205,
      "std_accuracy": 0.036261886214694776,
      "fold_scores": [
        0.7948717948717948,
        0.8461538461538461
      ]
    },
    "5_enzymes": {
      "n_enzymes": 5,
      "enzyme_indices": [
        0,
        3,
        7,
        11,
        14
      ],
      "mean_accuracy": 0.9615384615384615,
      "std_accuracy": 0.018130943107347388,
      "fold_scores": [
        0.9487179487179487,
        0.9743589743589743
      ]
    },
    "10_enzymes": {
      "n_enzymes": 10,
      "enzyme_indices": [
        0,
        1,
        2,
        3,
        4,
        5,
        6,
        7,
        8,
        9
      ],
      "mean_accuracy": 0.8333333333333334,
      "std_accuracy": 0.09065471553673685,
      "fold_scores": [
        0.8974358974358975,
        0.7692307692307693
      ]
    },
    "15_enzymes": {
      "n_enzymes": 15,
      "enzyme_indices": [
        0,
        1,
        2,
        3,
        4,
        5,
        6,
        7,
        8,
        9,
        10,
        11,
        12,
        13,
        14
      ],
      "mean_accuracy": 0.9230769230769231,
      "std_accuracy": 0.07252377242938947,
      "fold_scores": [
        0.9743589743589743,
        0.8717948717948718
      ]
    }
  },
  "summary": {
    "min_accuracy": 0.5,
    "max_accuracy": 0.9615384615384615,
    "improvement_min_to_max": 0.46153846153846145
  }
}